proj_name,exptid,label,checkpoint,repeats,success_rate_mean,success_rate_std,mean_mxd_mean,mean_mxd_std,mean_normalized_waypoints_mean,mean_normalized_waypoints_std,fall_rate_mean,fall_rate_std,stuck_rate_mean,stuck_rate_std,mean_edge_violation_mean,mean_edge_violation_std
parkour_new,new_terrain_base_02,main,0,10,0.0,0.0,-0.058683608949420006,5.461550898354001e-06,0.0,0.0,0.007905138339920946,0.0,0.9920948616600789,0.0,0.0,0.0
parkour_new,new_terrain_base_02,main,500,10,0.12292490118577075,0.009754120695061715,4.268201325839687,0.07430382620179826,0.33759881422924903,0.007914550967350886,0.4355731225296443,0.025725122680273483,0.441501976284585,0.024175381317585818,0.2940971216709008,0.006086418993228486
parkour_new,new_terrain_base_02,main,1000,10,0.5118577075098815,0.020481021988982794,7.68343492114968,0.17775908757417141,0.6455533596837946,0.017557539599854254,0.44940711462450594,0.013583272946592555,0.03873517786561265,0.011010583618327368,0.11963075061703203,0.00684401684343885
parkour_new,new_terrain_base_02,main,1500,10,0.7648221343873518,0.015636395608579046,10.350195104708314,0.09056148825257013,0.8727272727272727,0.008116011540862077,0.23517786561264825,0.01563639560857904,0.0,0.0,0.06642011495819071,0.0015759641308939177
parkour_new,new_terrain_base_02,main,2000,10,0.8387351778656125,0.01086776844653558,10.904309704016319,0.13922560058374836,0.924703557312253,0.009019200773693713,0.16126482213438736,0.010867768446535591,0.0,0.0,0.0712871688828707,0.0018636119485997517
parkour_new,new_terrain_base_02,main,3000,10,0.8920948616600791,0.005875916500916418,11.43085382220302,0.055698424418997965,0.9547430830039525,0.003481010860436476,0.10790513833992095,0.005875916500916405,0.0,0.0,0.056664626048036904,0.0013573468323386266
parkour_new,new_terrain_base_02,main,4000,10,0.9616600790513834,0.007915013594664351,11.867407043201649,0.03804250816845314,0.9890810276679843,0.003008970351499022,0.038339920948616595,0.007915013594664342,0.0,0.0,0.03300234416030064,0.0006459054496074676
parkour_new,new_terrain_base_02,main,5000,10,0.9577075098814228,0.00771510723159807,11.883569274118296,0.024802466549230698,0.9894268774703558,0.001928776807899543,0.042292490118577074,0.007715107231598076,0.0,0.0,0.029405213756932325,0.0007927694637260201
parkour_new,new_terrain_base_02,main,5500,10,0.9679841897233201,0.009090909090909085,11.879217990490758,0.03548762976917847,0.9898221343873519,0.0024920000420787544,0.03201581027667984,0.00909090909090909,0.0,0.0,0.027391212308239384,0.0007832948881346296
parkour_new,new_terrain_base_02,main,6000,10,0.9636363636363635,0.009486166007905146,11.885367075586506,0.035422359506170155,0.9905632411067191,0.0028677414744924063,0.03636363636363636,0.009486166007905137,0.0,0.0,0.02467788600588664,0.0006501667920527339
parkour_new,new_terrain_base_02,main,6500,10,0.9849802371541502,0.008440378064846888,11.965587324021834,0.03821101263439486,0.995998023715415,0.0028762410232861424,0.015019762845849802,0.008440378064846887,0.0,0.0,0.023023004692155537,0.0005404079130619089
parkour_new,new_terrain_base_02,main,7000,10,0.9715415019762845,0.00786551333681123,11.910445816761891,0.02950424239727883,0.9918478260869564,0.002653764624900368,0.02845849802371541,0.007865513336811224,0.0,0.0,0.023304400865476034,0.0007837396140336855
parkour_new,new_terrain_base_02,main,7500,10,0.9849802371541502,0.005243675557874143,11.963792398136125,0.0207359693756751,0.9960474308300394,0.0015623901483045332,0.015019762845849799,0.00524367555787415,0.0,0.0,0.019769722317395662,0.0003365790551776339
parkour_new,new_terrain_base_02,main,8000,10,0.7940711462450591,0.02225054220559302,11.129486363937733,0.12245180456347844,0.9225790513833992,0.009343171467309022,0.20592885375494072,0.022250542205592996,0.0,0.0,0.05093329814635694,0.0015170765441502806
parkour_new,new_terrain_base_02,main,8500,10,0.9027667984189721,0.009386831689358038,11.55590821615321,0.08104635081812256,0.9659584980237153,0.006204282558117414,0.09723320158102768,0.009386831689358036,0.0,0.0,0.03538776306990656,0.0007898322893543835
parkour_new,new_terrain_base_02,main,9000,10,0.9106719367588934,0.01592841239494853,11.567777083089702,0.08694001752464746,0.9675889328063241,0.005871760678555568,0.08932806324110673,0.015928412394948525,0.0,0.0,0.030691517917821813,0.0010133667224505407
parkour_new,new_terrain_base_02,main,9500,10,0.9130434782608695,0.01936355527891841,11.617820674793524,0.12045412149437558,0.9686264822134387,0.008775154218744481,0.08695652173913043,0.019363555278918403,0.0,0.0,0.030907966413379367,0.0012384206816842722
parkour_new,new_terrain_base_02,main,10000,10,0.8774703557312252,0.009353485823082385,11.253693068239528,0.09724701026104214,0.9468379446640315,0.006219019358719186,0.12252964426877469,0.009353485823082399,0.0,0.0,0.03215256326054573,0.0007967764112996778
parkour_new,new_terrain_base_02,main,10500,10,0.8885375494071145,0.010723051356719785,11.503421242835493,0.05664735362107001,0.9593379446640317,0.0043413646741529074,0.11146245059288536,0.010723051356719792,0.0,0.0,0.03527881844019333,0.0008859734483900036
parkour_new,new_terrain_base_02,main,11000,10,0.925691699604743,0.007865513336811238,11.72334281507688,0.05861203591743323,0.9767786561264821,0.003933997873002838,0.0743083003952569,0.007865513336811226,0.0,0.0,0.025683853394269474,0.001156798415351417
parkour_new,new_terrain_base_02,main,11500,10,0.8964426877470355,0.013669262028292953,11.383801204672917,0.12968312358743422,0.9555335968379447,0.00879113495544994,0.10355731225296441,0.01366926202829295,0.0,0.0,0.026930877901785454,0.0005798957340778818
parkour_new,new_terrain_base_02,main,12000,10,0.9446640316205535,0.012118347602178583,11.74962188622697,0.08541904078842429,0.9807312252964427,0.005563513146347543,0.05533596837944664,0.01211834760217857,0.0,0.0,0.0254217231151427,0.0011268982155782806
parkour_new,new_terrain_base_02,main,12500,10,0.9288537549407115,0.01590878402964279,11.670401462924339,0.10506293239335841,0.973814229249012,0.007004667430216306,0.07114624505928853,0.015908784029642773,0.0,0.0,0.025325564148582176,0.0005992760767651684
parkour_new,new_terrain_base_02,main,13000,10,0.9249011857707512,0.01489442188254291,11.647480809476535,0.09131130265301626,0.9734683794466402,0.00630032737601114,0.075098814229249,0.014894421882542903,0.0,0.0,0.022370458218301144,0.0011560630887243618
parkour_new,new_terrain_base_02,main,13500,10,0.9162055335968379,0.01476801714803905,11.59376798208523,0.0792709691346835,0.9675889328063241,0.0064766678293177735,0.08379446640316204,0.014768017148039056,0.0,0.0,0.0279849019764662,0.001602688255752585
parkour_new,new_terrain_base_02,main,14000,10,0.9332015810276679,0.008740452327073501,11.752401996130057,0.046140995318001,0.9790019762845852,0.002840372006285539,0.06679841897233202,0.008740452327073512,0.0,0.0,0.026754887712188025,0.0008503861988598312
parkour_new,new_terrain_base_02,main,14500,10,0.8964426877470355,0.00981001869248288,11.486654756356605,0.07778613981356194,0.9616600790513836,0.005078128520762692,0.10355731225296443,0.009810018692482892,0.0,0.0,0.02264385081418587,0.0006659997511612794
parkour_new,new_terrain_base_02,main,15000,10,0.9355731225296442,0.014899665474285189,11.68670935995965,0.08925786429612752,0.9757411067193678,0.006394166386400096,0.06442687747035572,0.014899665474285189,0.0,0.0,0.021112009241193004,0.0007588406154508794
