proj_name,exptid,label,checkpoint,repeat,json_path,csv_path,success_rate,mean_mxd,mean_normalized_waypoints,fall_rate,stuck_rate,mean_edge_violation,mean_heading_loss
parkour_new,010-distill-phase2-7500-tt,parkour_new/010-distill-phase2-7500-tt,400,0,/home/zhangmingming/extreme-parkour-tt3/legged_gym/logs/sweep_evaluation/distill_depth_current/parkour_new/010-distill-phase2-7500-tt/checkpoint_400/repeat_0/depth_all_seed1000_ckpt400.json,/home/zhangmingming/extreme-parkour-tt3/legged_gym/logs/sweep_evaluation/distill_depth_current/parkour_new/010-distill-phase2-7500-tt/checkpoint_400/repeat_0/depth_all_seed1000_ckpt400.csv,0.391304347826087,7.427101374025873,0.6185770750988142,0.35968379446640314,0.2490118577075099,0.1419195430603618,
parkour_new,010-distill-phase2-7500-tt,parkour_new/010-distill-phase2-7500-tt,400,1,/home/zhangmingming/extreme-parkour-tt3/legged_gym/logs/sweep_evaluation/distill_depth_current/parkour_new/010-distill-phase2-7500-tt/checkpoint_400/repeat_1/depth_all_seed1001_ckpt400.json,/home/zhangmingming/extreme-parkour-tt3/legged_gym/logs/sweep_evaluation/distill_depth_current/parkour_new/010-distill-phase2-7500-tt/checkpoint_400/repeat_1/depth_all_seed1001_ckpt400.csv,0.3675889328063241,6.845145810969734,0.5862154150197628,0.3675889328063241,0.2608695652173913,0.13906181747166005,
parkour_new,010-distill-phase2-7500-tt,parkour_new/010-distill-phase2-7500-tt,400,2,/home/zhangmingming/extreme-parkour-tt3/legged_gym/logs/sweep_evaluation/distill_depth_current/parkour_new/010-distill-phase2-7500-tt/checkpoint_400/repeat_2/depth_all_seed1002_ckpt400.json,/home/zhangmingming/extreme-parkour-tt3/legged_gym/logs/sweep_evaluation/distill_depth_current/parkour_new/010-distill-phase2-7500-tt/checkpoint_400/repeat_2/depth_all_seed1002_ckpt400.csv,0.3932806324110672,6.776506626323278,0.5901679841897233,0.3695652173913043,0.23122529644268774,0.143842925837248,
parkour_new,010-distill-phase2-7500-tt,parkour_new/010-distill-phase2-7500-tt,400,3,/home/zhangmingming/extreme-parkour-tt3/legged_gym/logs/sweep_evaluation/distill_depth_current/parkour_new/010-distill-phase2-7500-tt/checkpoint_400/repeat_3/depth_all_seed1003_ckpt400.json,/home/zhangmingming/extreme-parkour-tt3/legged_gym/logs/sweep_evaluation/distill_depth_current/parkour_new/010-distill-phase2-7500-tt/checkpoint_400/repeat_3/depth_all_seed1003_ckpt400.csv,0.2549407114624506,5.933153009815179,0.4945652173913043,0.37549407114624506,0.36363636363636365,0.1352173748385519,
parkour_new,010-distill-phase2-7500-tt,parkour_new/010-distill-phase2-7500-tt,400,4,/home/zhangmingming/extreme-parkour-tt3/legged_gym/logs/sweep_evaluation/distill_depth_current/parkour_new/010-distill-phase2-7500-tt/checkpoint_400/repeat_4/depth_all_seed1004_ckpt400.json,/home/zhangmingming/extreme-parkour-tt3/legged_gym/logs/sweep_evaluation/distill_depth_current/parkour_new/010-distill-phase2-7500-tt/checkpoint_400/repeat_4/depth_all_seed1004_ckpt400.csv,0.35968379446640314,6.607196432564098,0.5684288537549407,0.35177865612648224,0.2845849802371542,0.12898262526164042,
parkour_new,010-distill-phase2-7500-tt,parkour_new/010-distill-phase2-7500-tt,800,0,/home/zhangmingming/extreme-parkour-tt3/legged_gym/logs/sweep_evaluation/distill_depth_current/parkour_new/010-distill-phase2-7500-tt/checkpoint_800/repeat_0/depth_all_seed1000_ckpt800.json,/home/zhangmingming/extreme-parkour-tt3/legged_gym/logs/sweep_evaluation/distill_depth_current/parkour_new/010-distill-phase2-7500-tt/checkpoint_800/repeat_0/depth_all_seed1000_ckpt800.csv,0.05928853754940711,2.4567473199763317,0.22183794466403162,0.15612648221343872,0.7845849802371542,0.0443533898765899,
parkour_new,010-distill-phase2-7500-tt,parkour_new/010-distill-phase2-7500-tt,800,1,/home/zhangmingming/extreme-parkour-tt3/legged_gym/logs/sweep_evaluation/distill_depth_current/parkour_new/010-distill-phase2-7500-tt/checkpoint_800/repeat_1/depth_all_seed1001_ckpt800.json,/home/zhangmingming/extreme-parkour-tt3/legged_gym/logs/sweep_evaluation/distill_depth_current/parkour_new/010-distill-phase2-7500-tt/checkpoint_800/repeat_1/depth_all_seed1001_ckpt800.csv,0.08300395256916997,2.386034322114801,0.233201581027668,0.18774703557312253,0.7272727272727273,0.06865759735543227,
parkour_new,010-distill-phase2-7500-tt,parkour_new/010-distill-phase2-7500-tt,800,2,/home/zhangmingming/extreme-parkour-tt3/legged_gym/logs/sweep_evaluation/distill_depth_current/parkour_new/010-distill-phase2-7500-tt/checkpoint_800/repeat_2/depth_all_seed1002_ckpt800.json,/home/zhangmingming/extreme-parkour-tt3/legged_gym/logs/sweep_evaluation/distill_depth_current/parkour_new/010-distill-phase2-7500-tt/checkpoint_800/repeat_2/depth_all_seed1002_ckpt800.csv,0.07312252964426877,2.094881620567307,0.21047430830039526,0.19367588932806323,0.7312252964426877,0.04898257681323127,
parkour_new,010-distill-phase2-7500-tt,parkour_new/010-distill-phase2-7500-tt,800,3,/home/zhangmingming/extreme-parkour-tt3/legged_gym/logs/sweep_evaluation/distill_depth_current/parkour_new/010-distill-phase2-7500-tt/checkpoint_800/repeat_3/depth_all_seed1003_ckpt800.json,/home/zhangmingming/extreme-parkour-tt3/legged_gym/logs/sweep_evaluation/distill_depth_current/parkour_new/010-distill-phase2-7500-tt/checkpoint_800/repeat_3/depth_all_seed1003_ckpt800.csv,0.04743083003952569,2.2056317839462296,0.2057806324110672,0.17588932806324112,0.7747035573122529,0.07407016727956531,
parkour_new,010-distill-phase2-7500-tt,parkour_new/010-distill-phase2-7500-tt,800,4,/home/zhangmingming/extreme-parkour-tt3/legged_gym/logs/sweep_evaluation/distill_depth_current/parkour_new/010-distill-phase2-7500-tt/checkpoint_800/repeat_4/depth_all_seed1004_ckpt800.json,/home/zhangmingming/extreme-parkour-tt3/legged_gym/logs/sweep_evaluation/distill_depth_current/parkour_new/010-distill-phase2-7500-tt/checkpoint_800/repeat_4/depth_all_seed1004_ckpt800.csv,0.06521739130434782,2.011936732667237,0.19812252964426877,0.18774703557312253,0.7450592885375494,0.050345018385906194,
parkour_new,010-distill-phase2-7500-tt,parkour_new/010-distill-phase2-7500-tt,1200,0,/home/zhangmingming/extreme-parkour-tt3/legged_gym/logs/sweep_evaluation/distill_depth_current/parkour_new/010-distill-phase2-7500-tt/checkpoint_1200/repeat_0/depth_all_seed1000_ckpt1200.json,/home/zhangmingming/extreme-parkour-tt3/legged_gym/logs/sweep_evaluation/distill_depth_current/parkour_new/010-distill-phase2-7500-tt/checkpoint_1200/repeat_0/depth_all_seed1000_ckpt1200.csv,0.5,7.7459285772836255,0.6556324110671937,0.44466403162055335,0.0533596837944664,0.14079757359102843,
parkour_new,010-distill-phase2-7500-tt,parkour_new/010-distill-phase2-7500-tt,1200,1,/home/zhangmingming/extreme-parkour-tt3/legged_gym/logs/sweep_evaluation/distill_depth_current/parkour_new/010-distill-phase2-7500-tt/checkpoint_1200/repeat_1/depth_all_seed1001_ckpt1200.json,/home/zhangmingming/extreme-parkour-tt3/legged_gym/logs/sweep_evaluation/distill_depth_current/parkour_new/010-distill-phase2-7500-tt/checkpoint_1200/repeat_1/depth_all_seed1001_ckpt1200.csv,0.5,7.670858839048227,0.6608201581027668,0.43478260869565216,0.06324110671936758,0.1510745582721119,
parkour_new,010-distill-phase2-7500-tt,parkour_new/010-distill-phase2-7500-tt,1200,2,/home/zhangmingming/extreme-parkour-tt3/legged_gym/logs/sweep_evaluation/distill_depth_current/parkour_new/010-distill-phase2-7500-tt/checkpoint_1200/repeat_2/depth_all_seed1002_ckpt1200.json,/home/zhangmingming/extreme-parkour-tt3/legged_gym/logs/sweep_evaluation/distill_depth_current/parkour_new/010-distill-phase2-7500-tt/checkpoint_1200/repeat_2/depth_all_seed1002_ckpt1200.csv,0.4901185770750988,7.377464123276383,0.650197628458498,0.4426877470355731,0.06719367588932806,0.14587056946800855,
parkour_new,010-distill-phase2-7500-tt,parkour_new/010-distill-phase2-7500-tt,1200,3,/home/zhangmingming/extreme-parkour-tt3/legged_gym/logs/sweep_evaluation/distill_depth_current/parkour_new/010-distill-phase2-7500-tt/checkpoint_1200/repeat_3/depth_all_seed1003_ckpt1200.json,/home/zhangmingming/extreme-parkour-tt3/legged_gym/logs/sweep_evaluation/distill_depth_current/parkour_new/010-distill-phase2-7500-tt/checkpoint_1200/repeat_3/depth_all_seed1003_ckpt1200.csv,0.4901185770750988,7.642402148882862,0.6494565217391305,0.42292490118577075,0.08695652173913043,0.16299298282941282,
parkour_new,010-distill-phase2-7500-tt,parkour_new/010-distill-phase2-7500-tt,1200,4,/home/zhangmingming/extreme-parkour-tt3/legged_gym/logs/sweep_evaluation/distill_depth_current/parkour_new/010-distill-phase2-7500-tt/checkpoint_1200/repeat_4/depth_all_seed1004_ckpt1200.json,/home/zhangmingming/extreme-parkour-tt3/legged_gym/logs/sweep_evaluation/distill_depth_current/parkour_new/010-distill-phase2-7500-tt/checkpoint_1200/repeat_4/depth_all_seed1004_ckpt1200.csv,0.5316205533596838,7.894935117408692,0.6815711462450593,0.4090909090909091,0.05928853754940711,0.13944861265685696,
parkour_new,010-distill-phase2-7500-tt,parkour_new/010-distill-phase2-7500-tt,1600,0,/home/zhangmingming/extreme-parkour-tt3/legged_gym/logs/sweep_evaluation/distill_depth_current/parkour_new/010-distill-phase2-7500-tt/checkpoint_1600/repeat_0/depth_all_seed1000_ckpt1600.json,/home/zhangmingming/extreme-parkour-tt3/legged_gym/logs/sweep_evaluation/distill_depth_current/parkour_new/010-distill-phase2-7500-tt/checkpoint_1600/repeat_0/depth_all_seed1000_ckpt1600.csv,0.6482213438735178,9.457320193645982,0.795701581027668,0.3438735177865613,0.007905138339920948,0.10905480114145653,
parkour_new,010-distill-phase2-7500-tt,parkour_new/010-distill-phase2-7500-tt,1600,1,/home/zhangmingming/extreme-parkour-tt3/legged_gym/logs/sweep_evaluation/distill_depth_current/parkour_new/010-distill-phase2-7500-tt/checkpoint_1600/repeat_1/depth_all_seed1001_ckpt1600.json,/home/zhangmingming/extreme-parkour-tt3/legged_gym/logs/sweep_evaluation/distill_depth_current/parkour_new/010-distill-phase2-7500-tt/checkpoint_1600/repeat_1/depth_all_seed1001_ckpt1600.csv,0.66600790513834,9.449864319661861,0.803606719367589,0.3241106719367589,0.009881422924901186,0.10632133825999206,
parkour_new,010-distill-phase2-7500-tt,parkour_new/010-distill-phase2-7500-tt,1600,2,/home/zhangmingming/extreme-parkour-tt3/legged_gym/logs/sweep_evaluation/distill_depth_current/parkour_new/010-distill-phase2-7500-tt/checkpoint_1600/repeat_2/depth_all_seed1002_ckpt1600.json,/home/zhangmingming/extreme-parkour-tt3/legged_gym/logs/sweep_evaluation/distill_depth_current/parkour_new/010-distill-phase2-7500-tt/checkpoint_1600/repeat_2/depth_all_seed1002_ckpt1600.csv,0.6205533596837944,8.894015725893466,0.7732213438735178,0.37351778656126483,0.005928853754940711,0.11130081996993568,
parkour_new,010-distill-phase2-7500-tt,parkour_new/010-distill-phase2-7500-tt,1600,3,/home/zhangmingming/extreme-parkour-tt3/legged_gym/logs/sweep_evaluation/distill_depth_current/parkour_new/010-distill-phase2-7500-tt/checkpoint_1600/repeat_3/depth_all_seed1003_ckpt1600.json,/home/zhangmingming/extreme-parkour-tt3/legged_gym/logs/sweep_evaluation/distill_depth_current/parkour_new/010-distill-phase2-7500-tt/checkpoint_1600/repeat_3/depth_all_seed1003_ckpt1600.csv,0.6442687747035574,9.442017127520483,0.7882905138339921,0.3241106719367589,0.03162055335968379,0.12314137110254994,
parkour_new,010-distill-phase2-7500-tt,parkour_new/010-distill-phase2-7500-tt,1600,4,/home/zhangmingming/extreme-parkour-tt3/legged_gym/logs/sweep_evaluation/distill_depth_current/parkour_new/010-distill-phase2-7500-tt/checkpoint_1600/repeat_4/depth_all_seed1004_ckpt1600.json,/home/zhangmingming/extreme-parkour-tt3/legged_gym/logs/sweep_evaluation/distill_depth_current/parkour_new/010-distill-phase2-7500-tt/checkpoint_1600/repeat_4/depth_all_seed1004_ckpt1600.csv,0.6936758893280632,9.539697467102835,0.8184288537549407,0.2984189723320158,0.007905138339920948,0.09566442521092607,
parkour_new,010-distill-phase2-7500-tt,parkour_new/010-distill-phase2-7500-tt,2000,0,/home/zhangmingming/extreme-parkour-tt3/legged_gym/logs/sweep_evaluation/distill_depth_current/parkour_new/010-distill-phase2-7500-tt/checkpoint_2000/repeat_0/depth_all_seed1000_ckpt2000.json,/home/zhangmingming/extreme-parkour-tt3/legged_gym/logs/sweep_evaluation/distill_depth_current/parkour_new/010-distill-phase2-7500-tt/checkpoint_2000/repeat_0/depth_all_seed1000_ckpt2000.csv,0.6719367588932806,9.764833283165228,0.8102766798418972,0.3221343873517787,0.005928853754940711,0.12844875937804257,
parkour_new,010-distill-phase2-7500-tt,parkour_new/010-distill-phase2-7500-tt,2000,1,/home/zhangmingming/extreme-parkour-tt3/legged_gym/logs/sweep_evaluation/distill_depth_current/parkour_new/010-distill-phase2-7500-tt/checkpoint_2000/repeat_1/depth_all_seed1001_ckpt2000.json,/home/zhangmingming/extreme-parkour-tt3/legged_gym/logs/sweep_evaluation/distill_depth_current/parkour_new/010-distill-phase2-7500-tt/checkpoint_2000/repeat_1/depth_all_seed1001_ckpt2000.csv,0.6818181818181818,9.577186389167318,0.8117588932806324,0.3142292490118577,0.003952569169960474,0.11373410920982069,
parkour_new,010-distill-phase2-7500-tt,parkour_new/010-distill-phase2-7500-tt,2000,2,/home/zhangmingming/extreme-parkour-tt3/legged_gym/logs/sweep_evaluation/distill_depth_current/parkour_new/010-distill-phase2-7500-tt/checkpoint_2000/repeat_2/depth_all_seed1002_ckpt2000.json,/home/zhangmingming/extreme-parkour-tt3/legged_gym/logs/sweep_evaluation/distill_depth_current/parkour_new/010-distill-phase2-7500-tt/checkpoint_2000/repeat_2/depth_all_seed1002_ckpt2000.csv,0.6798418972332015,9.281704562454827,0.799407114624506,0.3181818181818182,0.001976284584980237,0.11895152555894789,
parkour_new,010-distill-phase2-7500-tt,parkour_new/010-distill-phase2-7500-tt,2000,3,/home/zhangmingming/extreme-parkour-tt3/legged_gym/logs/sweep_evaluation/distill_depth_current/parkour_new/010-distill-phase2-7500-tt/checkpoint_2000/repeat_3/depth_all_seed1003_ckpt2000.json,/home/zhangmingming/extreme-parkour-tt3/legged_gym/logs/sweep_evaluation/distill_depth_current/parkour_new/010-distill-phase2-7500-tt/checkpoint_2000/repeat_3/depth_all_seed1003_ckpt2000.csv,0.6284584980237155,9.335553761174085,0.779891304347826,0.3577075098814229,0.011857707509881422,0.13430863175216626,
parkour_new,010-distill-phase2-7500-tt,parkour_new/010-distill-phase2-7500-tt,2000,4,/home/zhangmingming/extreme-parkour-tt3/legged_gym/logs/sweep_evaluation/distill_depth_current/parkour_new/010-distill-phase2-7500-tt/checkpoint_2000/repeat_4/depth_all_seed1004_ckpt2000.json,/home/zhangmingming/extreme-parkour-tt3/legged_gym/logs/sweep_evaluation/distill_depth_current/parkour_new/010-distill-phase2-7500-tt/checkpoint_2000/repeat_4/depth_all_seed1004_ckpt2000.csv,0.6837944664031621,9.38588300241312,0.8011363636363636,0.3102766798418972,0.005928853754940711,0.11185595645694237,
parkour_new,010-distill-phase2-7500-tt,parkour_new/010-distill-phase2-7500-tt,2400,0,/home/zhangmingming/extreme-parkour-tt3/legged_gym/logs/sweep_evaluation/distill_depth_current/parkour_new/010-distill-phase2-7500-tt/checkpoint_2400/repeat_0/depth_all_seed1000_ckpt2400.json,/home/zhangmingming/extreme-parkour-tt3/legged_gym/logs/sweep_evaluation/distill_depth_current/parkour_new/010-distill-phase2-7500-tt/checkpoint_2400/repeat_0/depth_all_seed1000_ckpt2400.csv,0.7252964426877471,10.152375423978912,0.8416501976284585,0.2707509881422925,0.003952569169960474,0.09369244009182193,
parkour_new,010-distill-phase2-7500-tt,parkour_new/010-distill-phase2-7500-tt,2400,1,/home/zhangmingming/extreme-parkour-tt3/legged_gym/logs/sweep_evaluation/distill_depth_current/parkour_new/010-distill-phase2-7500-tt/checkpoint_2400/repeat_1/depth_all_seed1001_ckpt2400.json,/home/zhangmingming/extreme-parkour-tt3/legged_gym/logs/sweep_evaluation/distill_depth_current/parkour_new/010-distill-phase2-7500-tt/checkpoint_2400/repeat_1/depth_all_seed1001_ckpt2400.csv,0.7371541501976284,10.099955592466438,0.85350790513834,0.25691699604743085,0.005928853754940711,0.09555789877760754,
parkour_new,010-distill-phase2-7500-tt,parkour_new/010-distill-phase2-7500-tt,2400,2,/home/zhangmingming/extreme-parkour-tt3/legged_gym/logs/sweep_evaluation/distill_depth_current/parkour_new/010-distill-phase2-7500-tt/checkpoint_2400/repeat_2/depth_all_seed1002_ckpt2400.json,/home/zhangmingming/extreme-parkour-tt3/legged_gym/logs/sweep_evaluation/distill_depth_current/parkour_new/010-distill-phase2-7500-tt/checkpoint_2400/repeat_2/depth_all_seed1002_ckpt2400.csv,0.717391304347826,9.615724303505637,0.8302865612648221,0.274703557312253,0.007905138339920948,0.09303420609707252,
parkour_new,010-distill-phase2-7500-tt,parkour_new/010-distill-phase2-7500-tt,2400,3,/home/zhangmingming/extreme-parkour-tt3/legged_gym/logs/sweep_evaluation/distill_depth_current/parkour_new/010-distill-phase2-7500-tt/checkpoint_2400/repeat_3/depth_all_seed1003_ckpt2400.json,/home/zhangmingming/extreme-parkour-tt3/legged_gym/logs/sweep_evaluation/distill_depth_current/parkour_new/010-distill-phase2-7500-tt/checkpoint_2400/repeat_3/depth_all_seed1003_ckpt2400.csv,0.658102766798419,9.615264265080215,0.8003952569169961,0.3102766798418972,0.03162055335968379,0.11252012092071073,
parkour_new,010-distill-phase2-7500-tt,parkour_new/010-distill-phase2-7500-tt,2400,4,/home/zhangmingming/extreme-parkour-tt3/legged_gym/logs/sweep_evaluation/distill_depth_current/parkour_new/010-distill-phase2-7500-tt/checkpoint_2400/repeat_4/depth_all_seed1004_ckpt2400.json,/home/zhangmingming/extreme-parkour-tt3/legged_gym/logs/sweep_evaluation/distill_depth_current/parkour_new/010-distill-phase2-7500-tt/checkpoint_2400/repeat_4/depth_all_seed1004_ckpt2400.csv,0.691699604743083,9.661845523378123,0.8221343873517787,0.30434782608695654,0.003952569169960474,0.09229818963817447,
parkour_new,010-distill-phase2-7500-tt,parkour_new/010-distill-phase2-7500-tt,2800,0,/home/zhangmingming/extreme-parkour-tt3/legged_gym/logs/sweep_evaluation/distill_depth_current/parkour_new/010-distill-phase2-7500-tt/checkpoint_2800/repeat_0/depth_all_seed1000_ckpt2800.json,/home/zhangmingming/extreme-parkour-tt3/legged_gym/logs/sweep_evaluation/distill_depth_current/parkour_new/010-distill-phase2-7500-tt/checkpoint_2800/repeat_0/depth_all_seed1000_ckpt2800.csv,0.7747035573122529,10.501855461140396,0.870306324110672,0.22134387351778656,0.003952569169960474,0.09202158786413708,
parkour_new,010-distill-phase2-7500-tt,parkour_new/010-distill-phase2-7500-tt,2800,1,/home/zhangmingming/extreme-parkour-tt3/legged_gym/logs/sweep_evaluation/distill_depth_current/parkour_new/010-distill-phase2-7500-tt/checkpoint_2800/repeat_1/depth_all_seed1001_ckpt2800.json,/home/zhangmingming/extreme-parkour-tt3/legged_gym/logs/sweep_evaluation/distill_depth_current/parkour_new/010-distill-phase2-7500-tt/checkpoint_2800/repeat_1/depth_all_seed1001_ckpt2800.csv,0.7905138339920948,10.565113655898882,0.8873517786561265,0.20553359683794467,0.003952569169960474,0.08539629352302533,
parkour_new,010-distill-phase2-7500-tt,parkour_new/010-distill-phase2-7500-tt,2800,2,/home/zhangmingming/extreme-parkour-tt3/legged_gym/logs/sweep_evaluation/distill_depth_current/parkour_new/010-distill-phase2-7500-tt/checkpoint_2800/repeat_2/depth_all_seed1002_ckpt2800.json,/home/zhangmingming/extreme-parkour-tt3/legged_gym/logs/sweep_evaluation/distill_depth_current/parkour_new/010-distill-phase2-7500-tt/checkpoint_2800/repeat_2/depth_all_seed1002_ckpt2800.csv,0.7648221343873518,10.02330696394321,0.8584486166007905,0.23517786561264822,0.0,0.08370216700037074,
parkour_new,010-distill-phase2-7500-tt,parkour_new/010-distill-phase2-7500-tt,2800,3,/home/zhangmingming/extreme-parkour-tt3/legged_gym/logs/sweep_evaluation/distill_depth_current/parkour_new/010-distill-phase2-7500-tt/checkpoint_2800/repeat_3/depth_all_seed1003_ckpt2800.json,/home/zhangmingming/extreme-parkour-tt3/legged_gym/logs/sweep_evaluation/distill_depth_current/parkour_new/010-distill-phase2-7500-tt/checkpoint_2800/repeat_3/depth_all_seed1003_ckpt2800.csv,0.741106719367589,10.231402735111741,0.8569664031620553,0.24703557312252963,0.011857707509881422,0.10117543534528053,
parkour_new,010-distill-phase2-7500-tt,parkour_new/010-distill-phase2-7500-tt,2800,4,/home/zhangmingming/extreme-parkour-tt3/legged_gym/logs/sweep_evaluation/distill_depth_current/parkour_new/010-distill-phase2-7500-tt/checkpoint_2800/repeat_4/depth_all_seed1004_ckpt2800.json,/home/zhangmingming/extreme-parkour-tt3/legged_gym/logs/sweep_evaluation/distill_depth_current/parkour_new/010-distill-phase2-7500-tt/checkpoint_2800/repeat_4/depth_all_seed1004_ckpt2800.csv,0.733201581027668,9.93625135949478,0.8495553359683794,0.2648221343873518,0.0,0.08119742402223573,
parkour_new,010-distill-phase2-7500-tt,parkour_new/010-distill-phase2-7500-tt,3200,0,/home/zhangmingming/extreme-parkour-tt3/legged_gym/logs/sweep_evaluation/distill_depth_current/parkour_new/010-distill-phase2-7500-tt/checkpoint_3200/repeat_0/depth_all_seed1000_ckpt3200.json,/home/zhangmingming/extreme-parkour-tt3/legged_gym/logs/sweep_evaluation/distill_depth_current/parkour_new/010-distill-phase2-7500-tt/checkpoint_3200/repeat_0/depth_all_seed1000_ckpt3200.csv,0.7964426877470355,10.677158985331124,0.8888339920948617,0.2015810276679842,0.001976284584980237,0.10094160533454871,
parkour_new,010-distill-phase2-7500-tt,parkour_new/010-distill-phase2-7500-tt,3200,1,/home/zhangmingming/extreme-parkour-tt3/legged_gym/logs/sweep_evaluation/distill_depth_current/parkour_new/010-distill-phase2-7500-tt/checkpoint_3200/repeat_1/depth_all_seed1001_ckpt3200.json,/home/zhangmingming/extreme-parkour-tt3/legged_gym/logs/sweep_evaluation/distill_depth_current/parkour_new/010-distill-phase2-7500-tt/checkpoint_3200/repeat_1/depth_all_seed1001_ckpt3200.csv,0.7924901185770751,10.584569973672332,0.8932806324110671,0.20355731225296442,0.003952569169960474,0.09449028592289707,
parkour_new,010-distill-phase2-7500-tt,parkour_new/010-distill-phase2-7500-tt,3200,2,/home/zhangmingming/extreme-parkour-tt3/legged_gym/logs/sweep_evaluation/distill_depth_current/parkour_new/010-distill-phase2-7500-tt/checkpoint_3200/repeat_2/depth_all_seed1002_ckpt3200.json,/home/zhangmingming/extreme-parkour-tt3/legged_gym/logs/sweep_evaluation/distill_depth_current/parkour_new/010-distill-phase2-7500-tt/checkpoint_3200/repeat_2/depth_all_seed1002_ckpt3200.csv,0.7549407114624506,9.961013876873514,0.8567193675889329,0.2450592885375494,0.0,0.09517322321376627,
parkour_new,010-distill-phase2-7500-tt,parkour_new/010-distill-phase2-7500-tt,3200,3,/home/zhangmingming/extreme-parkour-tt3/legged_gym/logs/sweep_evaluation/distill_depth_current/parkour_new/010-distill-phase2-7500-tt/checkpoint_3200/repeat_3/depth_all_seed1003_ckpt3200.json,/home/zhangmingming/extreme-parkour-tt3/legged_gym/logs/sweep_evaluation/distill_depth_current/parkour_new/010-distill-phase2-7500-tt/checkpoint_3200/repeat_3/depth_all_seed1003_ckpt3200.csv,0.7470355731225297,10.198508226942169,0.8562252964426877,0.25296442687747034,0.0,0.1036403108121257,
parkour_new,010-distill-phase2-7500-tt,parkour_new/010-distill-phase2-7500-tt,3200,4,/home/zhangmingming/extreme-parkour-tt3/legged_gym/logs/sweep_evaluation/distill_depth_current/parkour_new/010-distill-phase2-7500-tt/checkpoint_3200/repeat_4/depth_all_seed1004_ckpt3200.json,/home/zhangmingming/extreme-parkour-tt3/legged_gym/logs/sweep_evaluation/distill_depth_current/parkour_new/010-distill-phase2-7500-tt/checkpoint_3200/repeat_4/depth_all_seed1004_ckpt3200.csv,0.7371541501976284,10.00327050921474,0.8552371541501976,0.25889328063241107,0.003952569169960474,0.09842555976570631,
parkour_new,010-distill-phase2-7500-tt,parkour_new/010-distill-phase2-7500-tt,3600,0,/home/zhangmingming/extreme-parkour-tt3/legged_gym/logs/sweep_evaluation/distill_depth_current/parkour_new/010-distill-phase2-7500-tt/checkpoint_3600/repeat_0/depth_all_seed1000_ckpt3600.json,/home/zhangmingming/extreme-parkour-tt3/legged_gym/logs/sweep_evaluation/distill_depth_current/parkour_new/010-distill-phase2-7500-tt/checkpoint_3600/repeat_0/depth_all_seed1000_ckpt3600.csv,0.7924901185770751,10.689254820229037,0.8804347826086957,0.2075098814229249,0.0,0.1074687189944301,
parkour_new,010-distill-phase2-7500-tt,parkour_new/010-distill-phase2-7500-tt,3600,1,/home/zhangmingming/extreme-parkour-tt3/legged_gym/logs/sweep_evaluation/distill_depth_current/parkour_new/010-distill-phase2-7500-tt/checkpoint_3600/repeat_1/depth_all_seed1001_ckpt3600.json,/home/zhangmingming/extreme-parkour-tt3/legged_gym/logs/sweep_evaluation/distill_depth_current/parkour_new/010-distill-phase2-7500-tt/checkpoint_3600/repeat_1/depth_all_seed1001_ckpt3600.csv,0.7845849802371542,10.605288815356998,0.8848814229249012,0.2134387351778656,0.001976284584980237,0.10467078109115577,
parkour_new,010-distill-phase2-7500-tt,parkour_new/010-distill-phase2-7500-tt,3600,2,/home/zhangmingming/extreme-parkour-tt3/legged_gym/logs/sweep_evaluation/distill_depth_current/parkour_new/010-distill-phase2-7500-tt/checkpoint_3600/repeat_2/depth_all_seed1002_ckpt3600.json,/home/zhangmingming/extreme-parkour-tt3/legged_gym/logs/sweep_evaluation/distill_depth_current/parkour_new/010-distill-phase2-7500-tt/checkpoint_3600/repeat_2/depth_all_seed1002_ckpt3600.csv,0.758893280632411,10.07704062518395,0.8609189723320159,0.24110671936758893,0.0,0.09999283624810328,
parkour_new,010-distill-phase2-7500-tt,parkour_new/010-distill-phase2-7500-tt,3600,3,/home/zhangmingming/extreme-parkour-tt3/legged_gym/logs/sweep_evaluation/distill_depth_current/parkour_new/010-distill-phase2-7500-tt/checkpoint_3600/repeat_3/depth_all_seed1003_ckpt3600.json,/home/zhangmingming/extreme-parkour-tt3/legged_gym/logs/sweep_evaluation/distill_depth_current/parkour_new/010-distill-phase2-7500-tt/checkpoint_3600/repeat_3/depth_all_seed1003_ckpt3600.csv,0.7628458498023716,10.459342043037,0.8705533596837944,0.23122529644268774,0.005928853754940711,0.11265450832296128,
parkour_new,010-distill-phase2-7500-tt,parkour_new/010-distill-phase2-7500-tt,3600,4,/home/zhangmingming/extreme-parkour-tt3/legged_gym/logs/sweep_evaluation/distill_depth_current/parkour_new/010-distill-phase2-7500-tt/checkpoint_3600/repeat_4/depth_all_seed1004_ckpt3600.json,/home/zhangmingming/extreme-parkour-tt3/legged_gym/logs/sweep_evaluation/distill_depth_current/parkour_new/010-distill-phase2-7500-tt/checkpoint_3600/repeat_4/depth_all_seed1004_ckpt3600.csv,0.7509881422924901,10.065273087957632,0.8586956521739131,0.24703557312252963,0.0,0.10093731405591831,
parkour_new,010-distill-phase2-7500-tt,parkour_new/010-distill-phase2-7500-tt,4000,0,/home/zhangmingming/extreme-parkour-tt3/legged_gym/logs/sweep_evaluation/distill_depth_current/parkour_new/010-distill-phase2-7500-tt/checkpoint_4000/repeat_0/depth_all_seed1000_ckpt4000.json,/home/zhangmingming/extreme-parkour-tt3/legged_gym/logs/sweep_evaluation/distill_depth_current/parkour_new/010-distill-phase2-7500-tt/checkpoint_4000/repeat_0/depth_all_seed1000_ckpt4000.csv,0.8102766798418972,10.804203460456826,0.8974802371541502,0.18774703557312253,0.001976284584980237,0.10701285449865677,
parkour_new,010-distill-phase2-7500-tt,parkour_new/010-distill-phase2-7500-tt,4000,1,/home/zhangmingming/extreme-parkour-tt3/legged_gym/logs/sweep_evaluation/distill_depth_current/parkour_new/010-distill-phase2-7500-tt/checkpoint_4000/repeat_1/depth_all_seed1001_ckpt4000.json,/home/zhangmingming/extreme-parkour-tt3/legged_gym/logs/sweep_evaluation/distill_depth_current/parkour_new/010-distill-phase2-7500-tt/checkpoint_4000/repeat_1/depth_all_seed1001_ckpt4000.csv,0.8181818181818182,10.795251222938417,0.9058794466403162,0.17984189723320157,0.001976284584980237,0.09346381668024822,
parkour_new,010-distill-phase2-7500-tt,parkour_new/010-distill-phase2-7500-tt,4000,2,/home/zhangmingming/extreme-parkour-tt3/legged_gym/logs/sweep_evaluation/distill_depth_current/parkour_new/010-distill-phase2-7500-tt/checkpoint_4000/repeat_2/depth_all_seed1002_ckpt4000.json,/home/zhangmingming/extreme-parkour-tt3/legged_gym/logs/sweep_evaluation/distill_depth_current/parkour_new/010-distill-phase2-7500-tt/checkpoint_4000/repeat_2/depth_all_seed1002_ckpt4000.csv,0.8122529644268774,10.390624768177982,0.8846343873517787,0.18774703557312253,0.0,0.09628787426351622,
parkour_new,010-distill-phase2-7500-tt,parkour_new/010-distill-phase2-7500-tt,4000,3,/home/zhangmingming/extreme-parkour-tt3/legged_gym/logs/sweep_evaluation/distill_depth_current/parkour_new/010-distill-phase2-7500-tt/checkpoint_4000/repeat_3/depth_all_seed1003_ckpt4000.json,/home/zhangmingming/extreme-parkour-tt3/legged_gym/logs/sweep_evaluation/distill_depth_current/parkour_new/010-distill-phase2-7500-tt/checkpoint_4000/repeat_3/depth_all_seed1003_ckpt4000.csv,0.808300395256917,10.700524402819132,0.8972332015810277,0.18972332015810275,0.001976284584980237,0.10679851446264649,
parkour_new,010-distill-phase2-7500-tt,parkour_new/010-distill-phase2-7500-tt,4000,4,/home/zhangmingming/extreme-parkour-tt3/legged_gym/logs/sweep_evaluation/distill_depth_current/parkour_new/010-distill-phase2-7500-tt/checkpoint_4000/repeat_4/depth_all_seed1004_ckpt4000.json,/home/zhangmingming/extreme-parkour-tt3/legged_gym/logs/sweep_evaluation/distill_depth_current/parkour_new/010-distill-phase2-7500-tt/checkpoint_4000/repeat_4/depth_all_seed1004_ckpt4000.csv,0.7766798418972332,10.3570542453306,0.8858695652173914,0.21936758893280633,0.003952569169960474,0.10173568529212909,
parkour_new,010-distill-phase2-7500-tt,parkour_new/010-distill-phase2-7500-tt,4400,0,/home/zhangmingming/extreme-parkour-tt3/legged_gym/logs/sweep_evaluation/distill_depth_current/parkour_new/010-distill-phase2-7500-tt/checkpoint_4400/repeat_0/depth_all_seed1000_ckpt4400.json,/home/zhangmingming/extreme-parkour-tt3/legged_gym/logs/sweep_evaluation/distill_depth_current/parkour_new/010-distill-phase2-7500-tt/checkpoint_4400/repeat_0/depth_all_seed1000_ckpt4400.csv,0.808300395256917,10.915387386507668,0.9031620553359684,0.18181818181818182,0.009881422924901186,0.11701114532791122,
parkour_new,010-distill-phase2-7500-tt,parkour_new/010-distill-phase2-7500-tt,4400,1,/home/zhangmingming/extreme-parkour-tt3/legged_gym/logs/sweep_evaluation/distill_depth_current/parkour_new/010-distill-phase2-7500-tt/checkpoint_4400/repeat_1/depth_all_seed1001_ckpt4400.json,/home/zhangmingming/extreme-parkour-tt3/legged_gym/logs/sweep_evaluation/distill_depth_current/parkour_new/010-distill-phase2-7500-tt/checkpoint_4400/repeat_1/depth_all_seed1001_ckpt4400.csv,0.7885375494071146,10.682178073485378,0.8942687747035574,0.20948616600790515,0.001976284584980237,0.10756832398999264,
parkour_new,010-distill-phase2-7500-tt,parkour_new/010-distill-phase2-7500-tt,4400,2,/home/zhangmingming/extreme-parkour-tt3/legged_gym/logs/sweep_evaluation/distill_depth_current/parkour_new/010-distill-phase2-7500-tt/checkpoint_4400/repeat_2/depth_all_seed1002_ckpt4400.json,/home/zhangmingming/extreme-parkour-tt3/legged_gym/logs/sweep_evaluation/distill_depth_current/parkour_new/010-distill-phase2-7500-tt/checkpoint_4400/repeat_2/depth_all_seed1002_ckpt4400.csv,0.7865612648221344,10.440477827320928,0.8829051383399209,0.21146245059288538,0.001976284584980237,0.11352789480837291,
parkour_new,010-distill-phase2-7500-tt,parkour_new/010-distill-phase2-7500-tt,4400,3,/home/zhangmingming/extreme-parkour-tt3/legged_gym/logs/sweep_evaluation/distill_depth_current/parkour_new/010-distill-phase2-7500-tt/checkpoint_4400/repeat_3/depth_all_seed1003_ckpt4400.json,/home/zhangmingming/extreme-parkour-tt3/legged_gym/logs/sweep_evaluation/distill_depth_current/parkour_new/010-distill-phase2-7500-tt/checkpoint_4400/repeat_3/depth_all_seed1003_ckpt4400.csv,0.7529644268774703,10.42133939042393,0.8648715415019763,0.2450592885375494,0.001976284584980237,0.12587446713221848,
parkour_new,010-distill-phase2-7500-tt,parkour_new/010-distill-phase2-7500-tt,4400,4,/home/zhangmingming/extreme-parkour-tt3/legged_gym/logs/sweep_evaluation/distill_depth_current/parkour_new/010-distill-phase2-7500-tt/checkpoint_4400/repeat_4/depth_all_seed1004_ckpt4400.json,/home/zhangmingming/extreme-parkour-tt3/legged_gym/logs/sweep_evaluation/distill_depth_current/parkour_new/010-distill-phase2-7500-tt/checkpoint_4400/repeat_4/depth_all_seed1004_ckpt4400.csv,0.7727272727272727,10.327252502026765,0.8777173913043478,0.21739130434782608,0.009881422924901186,0.1134040689996083,
parkour_new,010-distill-phase2-7500-tt,parkour_new/010-distill-phase2-7500-tt,4800,0,/home/zhangmingming/extreme-parkour-tt3/legged_gym/logs/sweep_evaluation/distill_depth_current/parkour_new/010-distill-phase2-7500-tt/checkpoint_4800/repeat_0/depth_all_seed1000_ckpt4800.json,/home/zhangmingming/extreme-parkour-tt3/legged_gym/logs/sweep_evaluation/distill_depth_current/parkour_new/010-distill-phase2-7500-tt/checkpoint_4800/repeat_0/depth_all_seed1000_ckpt4800.csv,0.8280632411067194,11.090111018287335,0.916501976284585,0.16798418972332016,0.003952569169960474,0.12291947376975147,
parkour_new,010-distill-phase2-7500-tt,parkour_new/010-distill-phase2-7500-tt,4800,1,/home/zhangmingming/extreme-parkour-tt3/legged_gym/logs/sweep_evaluation/distill_depth_current/parkour_new/010-distill-phase2-7500-tt/checkpoint_4800/repeat_1/depth_all_seed1001_ckpt4800.json,/home/zhangmingming/extreme-parkour-tt3/legged_gym/logs/sweep_evaluation/distill_depth_current/parkour_new/010-distill-phase2-7500-tt/checkpoint_4800/repeat_1/depth_all_seed1001_ckpt4800.csv,0.8675889328063241,11.105220028769828,0.9318181818181818,0.13043478260869565,0.001976284584980237,0.11177467970883062,
parkour_new,010-distill-phase2-7500-tt,parkour_new/010-distill-phase2-7500-tt,4800,2,/home/zhangmingming/extreme-parkour-tt3/legged_gym/logs/sweep_evaluation/distill_depth_current/parkour_new/010-distill-phase2-7500-tt/checkpoint_4800/repeat_2/depth_all_seed1002_ckpt4800.json,/home/zhangmingming/extreme-parkour-tt3/legged_gym/logs/sweep_evaluation/distill_depth_current/parkour_new/010-distill-phase2-7500-tt/checkpoint_4800/repeat_2/depth_all_seed1002_ckpt4800.csv,0.83399209486166,10.740384622996032,0.908102766798419,0.16403162055335968,0.001976284584980237,0.11597853672440002,
parkour_new,010-distill-phase2-7500-tt,parkour_new/010-distill-phase2-7500-tt,4800,3,/home/zhangmingming/extreme-parkour-tt3/legged_gym/logs/sweep_evaluation/distill_depth_current/parkour_new/010-distill-phase2-7500-tt/checkpoint_4800/repeat_3/depth_all_seed1003_ckpt4800.json,/home/zhangmingming/extreme-parkour-tt3/legged_gym/logs/sweep_evaluation/distill_depth_current/parkour_new/010-distill-phase2-7500-tt/checkpoint_4800/repeat_3/depth_all_seed1003_ckpt4800.csv,0.8280632411067194,10.798395538165163,0.9085968379446641,0.17193675889328064,0.0,0.12321944018016452,
parkour_new,010-distill-phase2-7500-tt,parkour_new/010-distill-phase2-7500-tt,4800,4,/home/zhangmingming/extreme-parkour-tt3/legged_gym/logs/sweep_evaluation/distill_depth_current/parkour_new/010-distill-phase2-7500-tt/checkpoint_4800/repeat_4/depth_all_seed1004_ckpt4800.json,/home/zhangmingming/extreme-parkour-tt3/legged_gym/logs/sweep_evaluation/distill_depth_current/parkour_new/010-distill-phase2-7500-tt/checkpoint_4800/repeat_4/depth_all_seed1004_ckpt4800.csv,0.8003952569169961,10.555035129366185,0.8979743083003953,0.191699604743083,0.007905138339920948,0.11330077064299929,
parkour_new,010-distill-phase2-7500-tt,parkour_new/010-distill-phase2-7500-tt,5000,0,/home/zhangmingming/extreme-parkour-tt3/legged_gym/logs/sweep_evaluation/distill_depth_current/parkour_new/010-distill-phase2-7500-tt/checkpoint_5000/repeat_0/depth_all_seed1000_ckpt5000.json,/home/zhangmingming/extreme-parkour-tt3/legged_gym/logs/sweep_evaluation/distill_depth_current/parkour_new/010-distill-phase2-7500-tt/checkpoint_5000/repeat_0/depth_all_seed1000_ckpt5000.csv,0.8221343873517787,10.97826200146449,0.9066205533596838,0.17588932806324112,0.001976284584980237,0.10945255152297682,
parkour_new,010-distill-phase2-7500-tt,parkour_new/010-distill-phase2-7500-tt,5000,1,/home/zhangmingming/extreme-parkour-tt3/legged_gym/logs/sweep_evaluation/distill_depth_current/parkour_new/010-distill-phase2-7500-tt/checkpoint_5000/repeat_1/depth_all_seed1001_ckpt5000.json,/home/zhangmingming/extreme-parkour-tt3/legged_gym/logs/sweep_evaluation/distill_depth_current/parkour_new/010-distill-phase2-7500-tt/checkpoint_5000/repeat_1/depth_all_seed1001_ckpt5000.csv,0.808300395256917,10.78532558585344,0.904891304347826,0.18972332015810275,0.001976284584980237,0.09504416213438864,
parkour_new,010-distill-phase2-7500-tt,parkour_new/010-distill-phase2-7500-tt,5000,2,/home/zhangmingming/extreme-parkour-tt3/legged_gym/logs/sweep_evaluation/distill_depth_current/parkour_new/010-distill-phase2-7500-tt/checkpoint_5000/repeat_2/depth_all_seed1002_ckpt5000.json,/home/zhangmingming/extreme-parkour-tt3/legged_gym/logs/sweep_evaluation/distill_depth_current/parkour_new/010-distill-phase2-7500-tt/checkpoint_5000/repeat_2/depth_all_seed1002_ckpt5000.csv,0.7865612648221344,10.228474760715198,0.8722826086956522,0.2134387351778656,0.0,0.09906597797701167,
parkour_new,010-distill-phase2-7500-tt,parkour_new/010-distill-phase2-7500-tt,5000,3,/home/zhangmingming/extreme-parkour-tt3/legged_gym/logs/sweep_evaluation/distill_depth_current/parkour_new/010-distill-phase2-7500-tt/checkpoint_5000/repeat_3/depth_all_seed1003_ckpt5000.json,/home/zhangmingming/extreme-parkour-tt3/legged_gym/logs/sweep_evaluation/distill_depth_current/parkour_new/010-distill-phase2-7500-tt/checkpoint_5000/repeat_3/depth_all_seed1003_ckpt5000.csv,0.782608695652174,10.517892891357068,0.8826581027667985,0.21739130434782608,0.0,0.11224116379169492,
parkour_new,010-distill-phase2-7500-tt,parkour_new/010-distill-phase2-7500-tt,5000,4,/home/zhangmingming/extreme-parkour-tt3/legged_gym/logs/sweep_evaluation/distill_depth_current/parkour_new/010-distill-phase2-7500-tt/checkpoint_5000/repeat_4/depth_all_seed1004_ckpt5000.json,/home/zhangmingming/extreme-parkour-tt3/legged_gym/logs/sweep_evaluation/distill_depth_current/parkour_new/010-distill-phase2-7500-tt/checkpoint_5000/repeat_4/depth_all_seed1004_ckpt5000.csv,0.7786561264822134,10.355308150114277,0.883399209486166,0.21936758893280633,0.001976284584980237,0.09859394650644085,
parkour_new,010-distill-phase2-7500-tt,parkour_new/010-distill-phase2-7500-tt,5500,0,/home/zhangmingming/extreme-parkour-tt3/legged_gym/logs/sweep_evaluation/distill_depth_current/parkour_new/010-distill-phase2-7500-tt/checkpoint_5500/repeat_0/depth_all_seed1000_ckpt5500.json,/home/zhangmingming/extreme-parkour-tt3/legged_gym/logs/sweep_evaluation/distill_depth_current/parkour_new/010-distill-phase2-7500-tt/checkpoint_5500/repeat_0/depth_all_seed1000_ckpt5500.csv,0.857707509881423,11.185797146775506,0.9256422924901185,0.1324110671936759,0.009881422924901186,0.1113454167219434,
parkour_new,010-distill-phase2-7500-tt,parkour_new/010-distill-phase2-7500-tt,5500,1,/home/zhangmingming/extreme-parkour-tt3/legged_gym/logs/sweep_evaluation/distill_depth_current/parkour_new/010-distill-phase2-7500-tt/checkpoint_5500/repeat_1/depth_all_seed1001_ckpt5500.json,/home/zhangmingming/extreme-parkour-tt3/legged_gym/logs/sweep_evaluation/distill_depth_current/parkour_new/010-distill-phase2-7500-tt/checkpoint_5500/repeat_1/depth_all_seed1001_ckpt5500.csv,0.8399209486166008,10.981908739555495,0.924901185770751,0.1600790513833992,0.0,0.10364293164004312,
parkour_new,010-distill-phase2-7500-tt,parkour_new/010-distill-phase2-7500-tt,5500,2,/home/zhangmingming/extreme-parkour-tt3/legged_gym/logs/sweep_evaluation/distill_depth_current/parkour_new/010-distill-phase2-7500-tt/checkpoint_5500/repeat_2/depth_all_seed1002_ckpt5500.json,/home/zhangmingming/extreme-parkour-tt3/legged_gym/logs/sweep_evaluation/distill_depth_current/parkour_new/010-distill-phase2-7500-tt/checkpoint_5500/repeat_2/depth_all_seed1002_ckpt5500.csv,0.8241106719367589,10.625388423915908,0.9026679841897233,0.17391304347826086,0.001976284584980237,0.10943335035342797,
parkour_new,010-distill-phase2-7500-tt,parkour_new/010-distill-phase2-7500-tt,5500,3,/home/zhangmingming/extreme-parkour-tt3/legged_gym/logs/sweep_evaluation/distill_depth_current/parkour_new/010-distill-phase2-7500-tt/checkpoint_5500/repeat_3/depth_all_seed1003_ckpt5500.json,/home/zhangmingming/extreme-parkour-tt3/legged_gym/logs/sweep_evaluation/distill_depth_current/parkour_new/010-distill-phase2-7500-tt/checkpoint_5500/repeat_3/depth_all_seed1003_ckpt5500.csv,0.8478260869565217,10.965417627407158,0.9199604743083004,0.15019762845849802,0.001976284584980237,0.11096933323805384,
parkour_new,010-distill-phase2-7500-tt,parkour_new/010-distill-phase2-7500-tt,5500,4,/home/zhangmingming/extreme-parkour-tt3/legged_gym/logs/sweep_evaluation/distill_depth_current/parkour_new/010-distill-phase2-7500-tt/checkpoint_5500/repeat_4/depth_all_seed1004_ckpt5500.json,/home/zhangmingming/extreme-parkour-tt3/legged_gym/logs/sweep_evaluation/distill_depth_current/parkour_new/010-distill-phase2-7500-tt/checkpoint_5500/repeat_4/depth_all_seed1004_ckpt5500.csv,0.8063241106719368,10.564440323901271,0.9021739130434783,0.18972332015810275,0.003952569169960474,0.10753448223944667,
parkour_new,010-distill-phase2-7500-tt,parkour_new/010-distill-phase2-7500-tt,6000,0,/home/zhangmingming/extreme-parkour-tt3/legged_gym/logs/sweep_evaluation/distill_depth_current/parkour_new/010-distill-phase2-7500-tt/checkpoint_6000/repeat_0/depth_all_seed1000_ckpt6000.json,/home/zhangmingming/extreme-parkour-tt3/legged_gym/logs/sweep_evaluation/distill_depth_current/parkour_new/010-distill-phase2-7500-tt/checkpoint_6000/repeat_0/depth_all_seed1000_ckpt6000.csv,0.8399209486166008,11.13923092710642,0.920701581027668,0.15810276679841898,0.001976284584980237,0.11083357463301897,
parkour_new,010-distill-phase2-7500-tt,parkour_new/010-distill-phase2-7500-tt,6000,1,/home/zhangmingming/extreme-parkour-tt3/legged_gym/logs/sweep_evaluation/distill_depth_current/parkour_new/010-distill-phase2-7500-tt/checkpoint_6000/repeat_1/depth_all_seed1001_ckpt6000.json,/home/zhangmingming/extreme-parkour-tt3/legged_gym/logs/sweep_evaluation/distill_depth_current/parkour_new/010-distill-phase2-7500-tt/checkpoint_6000/repeat_1/depth_all_seed1001_ckpt6000.csv,0.8478260869565217,11.015688103885047,0.9258893280632411,0.1482213438735178,0.003952569169960474,0.09991669625480457,
parkour_new,010-distill-phase2-7500-tt,parkour_new/010-distill-phase2-7500-tt,6000,2,/home/zhangmingming/extreme-parkour-tt3/legged_gym/logs/sweep_evaluation/distill_depth_current/parkour_new/010-distill-phase2-7500-tt/checkpoint_6000/repeat_2/depth_all_seed1002_ckpt6000.json,/home/zhangmingming/extreme-parkour-tt3/legged_gym/logs/sweep_evaluation/distill_depth_current/parkour_new/010-distill-phase2-7500-tt/checkpoint_6000/repeat_2/depth_all_seed1002_ckpt6000.csv,0.8300395256916996,10.667438515090188,0.9026679841897233,0.16996047430830039,0.0,0.10547999532178859,
parkour_new,010-distill-phase2-7500-tt,parkour_new/010-distill-phase2-7500-tt,6000,3,/home/zhangmingming/extreme-parkour-tt3/legged_gym/logs/sweep_evaluation/distill_depth_current/parkour_new/010-distill-phase2-7500-tt/checkpoint_6000/repeat_3/depth_all_seed1003_ckpt6000.json,/home/zhangmingming/extreme-parkour-tt3/legged_gym/logs/sweep_evaluation/distill_depth_current/parkour_new/010-distill-phase2-7500-tt/checkpoint_6000/repeat_3/depth_all_seed1003_ckpt6000.csv,0.8458498023715415,10.913791854037598,0.9147727272727273,0.15217391304347827,0.001976284584980237,0.11081991406069071,
parkour_new,010-distill-phase2-7500-tt,parkour_new/010-distill-phase2-7500-tt,6000,4,/home/zhangmingming/extreme-parkour-tt3/legged_gym/logs/sweep_evaluation/distill_depth_current/parkour_new/010-distill-phase2-7500-tt/checkpoint_6000/repeat_4/depth_all_seed1004_ckpt6000.json,/home/zhangmingming/extreme-parkour-tt3/legged_gym/logs/sweep_evaluation/distill_depth_current/parkour_new/010-distill-phase2-7500-tt/checkpoint_6000/repeat_4/depth_all_seed1004_ckpt6000.csv,0.8063241106719368,10.58339960207581,0.8984683794466403,0.18972332015810275,0.003952569169960474,0.10586733420409565,
